cnt,gx,gy,gz,ax,ay,az
3683,392,1220,-534,465,725,16602
3684,538,226,134,441,692,16482
3685,1248,608,-372,465,714,16269
3686,1936,-98,-454,414,866,16100
3687,1992,18,284,392,985,15985
3688,1712,806,-408,233,1151,15713
3689,1698,422,-1064,82,1146,15477
3690,1360,366,-96,35,980,15403
3691,1418,1440,-558,167,732,15186
3692,1598,712,-418,277,703,14967
3693,1542,1094,-650,175,957,14756
3694,966,598,170,-63,1289,14724
3695,154,584,422,-112,1398,14864
3696,8,-178,158,-96,1359,15092
3697,-444,1116,-418,122,1077,15482
3698,-398,366,330,271,982,15626
3699,-646,538,792,335,1061,15798
3700,-420,1116,666,361,1412,15947
3701,-410,966,-62,302,1765,16134
3702,-838,1000,712,252,1920,16303
3703,-938,402,-26,357,1767,16574
3704,-722,1106,-200,514,1616,16689
3705,-748,630,-1030,368,1537,16671
3706,-780,852,-662,225,1408,16617
3707,-328,1200,-1156,75,1215,16688
3708,98,400,-892,-58,1045,16590
3709,808,1024,-1202,-210,826,16602
3710,1462,-420,-868,-290,780,16393
3711,1800,862,-950,-464,864,16095
3712,2286,1174,-996,-690,1096,15734
3713,2138,562,-1250,-827,1276,15320
3714,1710,458,-776,-938,1341,15094
3715,898,6,-592,-1042,1303,14891
3716,468,110,-372,-1079,1161,14927
3717,640,-4,-1156,-1111,915,15002
3718,706,-664,20,-1122,880,15011
3719,1170,-536,-212,-1070,920,14989
3720,1046,-1230,550,-920,1031,14875
3721,1068,-1332,-4,-855,1148,14802
3722,1248,-1322,642,-630,1327,14776
3723,1054,-478,630,-474,1411,14800
3724,514,-1264,942,-336,1491,14713
3725,358,-778,-142,-291,1631,14728
3726,-14,-1010,216,-362,1824,14804
3727,-386,-686,320,-392,1814,15095
3728,-408,-1146,-362,-386,1673,15293
3729,144,-120,-1088,-336,1466,15405
3730,232,-848,262,-275,1410,15359
3731,594,390,250,-240,1476,15261
3732,414,-790,562,-188,1557,15225
3733,18,250,-4,-112,1670,15098
3734,-566,-108,884,-37,1746,15087
3735,-940,18,1080,-48,1845,15220
3736,-1164,-212,630,73,1862,15331
3737,-972,-708,112,126,1893,15580
3738,-848,-86,204,161,1886,15761
3739,-1166,42,1242,194,1871,15994
3740,-1334,-1066,296,144,1722,16159
3741,-1342,-580,-4,249,1453,16291
3742,-770,76,-176,316,1232,16398
3743,-758,-502,-188,354,1109,16373
3744,-344,-224,146,354,1264,16329
3745,-758,262,-130,392,1533,16314
3746,-626,850,642,386,1688,16385
3747,-758,620,238,420,1696,16518
3748,-1086,204,-708,393,1484,16415
3749,-940,596,-626,350,1303,16309
3750,-782,64,54,269,1196,16301
3751,-192,274,-338,201,1203,16433
3752,-310,-478,-512,122,1246,16660
3753,-106,180,-696,161,1204,16774
3754,-240,88,226,189,1082,16870
3755,382,148,-684,186,927,16838
3756,660,-202,-50,196,866,16630
3757,504,850,-454,98,978,16540
3758,346,862,-454,67,1025,16427
3759,402,1186,-800,110,983,16434
3760,-4,714,-72,232,974,16475
3761,-240,1590,746,497,957,16515
3762,-262,2446,320,475,1194,16553
3763,-826,1798,88,407,1407,16631
3764,-1356,2560,422,365,1593,16779
3765,-1910,3058,942,234,1639,17165
3766,-2360,3012,112,63,1570,17545
3767,-2190,1650,-176,40,1215,17852
3768,-1254,2086,-604,20,905,18209
3769,-1176,1312,250,14,730,18258
3770,-296,1348,262,-62,636,18335
3771,210,828,-84,-225,567,18008
3772,1586,1220,-4,-562,493,17508
3773,2004,1590,204,-1004,647,16670
3774,2872,1012,342,-1472,963,15816
3775,2826,-98,804,-1638,1284,15181
3776,2848,-294,712,-1644,1752,15077
3777,2510,-1126,1138,-1269,2088,15299
3778,1924,-1276,1092,-589,2298,15644
3779,424,296,1034,-262,2981,16220
3780,-724,1128,-372,-770,3279,16827
3781,-2956,2248,-280,-276,3529,17152
3782,-5538,4108,-1180,-81,2724,17674
3783,-6982,4536,-1906,-241,1780,18166
3784,-5730,5554,-1538,-889,659,18391
3785,-3702,5958,-1698,-1167,790,18447
3786,-2416,6870,-1088,-1281,1257,18591
3787,-2630,7552,-1456,-1431,1297,18497
3788,-2708,8188,-1352,-1490,1142,18081
3789,-3476,8442,-810,-1592,747,17272
3790,-3622,7518,-246,-1889,-366,16354
3791,-1412,5796,412,-2452,-749,15676
3792,1316,4606,274,-2945,239,15213
3793,2522,2826,1138,-2880,1328,15272
3794,1800,1462,550,-2579,1622,15750
3795,492,712,872,-2695,1367,15893
3796,898,-1380,1564,-3390,817,15874
3797,3334,-2500,226,-4205,480,15301
3798,5870,-4084,8,-4236,507,14638
3799,7460,-5782,618,-3130,719,14405
3800,5510,-6914,1196,-2115,1092,14779
3801,2444,-7076,596,-1717,1573,15350
3802,132,-5944,-26,-1780,1837,16045
3803,-1154,-5308,-580,-2667,1672,16426
3804,-38,-5862,-534,-3266,1205,16166
3805,1880,-5608,-1480,-3508,938,16081
3806,2512,-5908,-938,-2961,609,16416
3807,1742,-4858,-592,-1934,112,16966
3808,-658,-3724,1184,-1071,-263,17541
3809,-1548,-1518,884,-1165,-536,17621
3810,-1480,-224,792,-1762,-584,17271
3811,470,1510,1034,-2310,-115,16613
3812,1946,1856,1576,-2119,258,15875
3813,1598,2550,1830,-1430,353,15500
3814,200,3276,2476,-943,544,15291
3815,-578,4722,2832,-1014,980,14891
3816,-194,4478,2926,-1334,1636,14274
3817,842,4270,2290,-1713,2277,13665
3818,1980,2584,1530,-1742,2655,13208
3819,1710,1370,1830,-1316,2630,13007
3820,932,88,700,-936,2414,13062
3821,-70,-582,712,-732,2232,13300
3822,-1108,-686,1218,-960,2199,13351
3823,-1176,-1194,-96,-1576,2393,13523
3824,-544,-1356,-212,-2069,2355,13516
3825,-48,-2524,-338,-1925,1921,13717
3826,-252,-2166,-822,-1446,1444,14102
3827,-600,-2800,-222,-1115,1412,14725
3828,-646,-3310,-1260,-1403,1892,15204
3829,-58,-2036,-430,-1958,2499,15248
3830,526,-1354,-1030,-2379,2797,14999
3831,268,-836,-1676,-2033,2434,14791
3832,-252,-814,-1894,-1251,1856,14850
3833,-1254,-154,-2034,-882,1377,14827
3834,-2212,-4,-1042,-1241,1326,15065
3835,-1738,344,-1964,-2076,1635,15097
3836,-1616,-928,-2044,-2690,1527,15111
3837,-724,-560,-1710,-2804,1192,15168
3838,-38,-2536,-1596,-2208,668,15337
3839,278,-2558,-1434,-1488,365,15708
3840,188,-3436,-1988,-1139,420,15879
3841,-352,-2362,-1342,-1238,560,15769
3842,-658,-2778,-1318,-1848,859,15325
3843,-468,-3702,-776,-2379,1083,14806
3844,-848,-2650,-1364,-1234,1288,18505
3845,-2112,-132,-1688,-1135,1228,17477
3846,-2924,1498,-938,-1587,879,16246
3847,-2518,2756,-488,-1785,62,15124
3848,78,794,-1088,-1085,1167,14794
3849,1248,354,-1100,-972,1891,17499
3850,1260,2376,-2056,-1674,1941,17826
3851,604,3704,-1826,-2525,966,17313
3852,830,4456,-1180,-3135,770,15534
3853,132,4374,204,-3225,885,14644
3854,-1492,2446,-26,-2661,1112,14943
3855,-2842,1720,134,-1519,1371,15395
3856,-3262,850,-522,-529,1304,15652
3857,-3442,608,-212,-672,834,16055
3858,-2754,-316,-534,-975,-18,16270
3859,-2336,100,-1146,-1419,-377,16301
3860,-2146,-1484,-580,-1526,-149,16099
3861,-1874,-1760,-222,-2386,480,15913
3862,-2180,-2628,-650,-2779,194,16379
3863,-1424,-3066,-1630,-3537,767,17438
3864,-454,-2686,-776,-3435,515,17975
3865,2522,-2476,-512,-3364,384,17782
3866,4518,-1564,88,-3082,750,17420
3867,4980,-2836,88,-2708,819,16656
3868,4856,-2142,930,-2056,735,15927
3869,4168,-1458,826,-1935,906,15219
3870,3288,-768,1080,-1537,1067,15160
3871,2264,-1296,204,-1226,1245,15249
3872,1326,-1518,-280,-917,891,15591
3873,718,-1920,-662,-564,-83,15645
3874,314,-1078,-1376,-206,-339,15525
3875,-592,-1750,-1652,-94,-111,15292
3876,-1674,-1218,-1780,345,-577,15047
3877,-1864,-1876,-546,317,8,15244
3878,-1604,-686,-316,-198,1038,15782
3879,-1188,-350,284,-883,1486,16169
3880,-206,112,342,-1396,1086,16493
3881,368,-536,-142,-1459,579,16418
3882,844,56,-776,-1001,727,16101
3883,616,-1218,-350,-553,763,15791
3884,864,250,-304,-269,1115,15665
3885,392,-132,342,-87,1134,15757
3886,-274,122,-96,-256,718,15961
3887,-758,712,284,-239,455,15976
3888,312,1116,-38,-313,518,16004
3889,154,978,-522,-509,651,15787
3890,256,712,-1054,-518,952,15495
3891,-520,644,-1226,-843,1053,15403
3892,-1536,760,-1260,-999,1121,15421
3893,-2720,1486,-1318,-902,1090,15436
3894,-3284,1602,-1652,-622,865,15863
3895,-3250,966,-1388,-622,614,16246
3896,-2214,1718,-408,-704,564,16503
3897,-1708,1810,-1168,-910,252,16458
3898,-1602,2042,-764,-1175,-87,16142
3899,-1212,2040,-1250,-1268,-346,15841
3900,-624,1544,8,-1104,-32,15730
3901,-94,526,-500,-1188,296,15674
3902,256,-224,-926,-1570,601,16139
3903,1078,792,-950,-1694,640,16529
3904,1430,-72,-212,-1794,434,16456
3905,1756,792,-568,-1737,232,15999
3906,1926,460,-1480,-1553,408,15470
3907,2128,296,-984,-1537,686,14832
3908,1744,-616,-1502,-1333,968,14420
3909,952,6,-1272,-1215,1279,14287
3910,-184,-1194,-1918,-1512,1144,14531
3911,-782,-802,-1894,-1530,969,14667
3912,-1356,-1516,-1342,-1403,755,14768
3913,-1142,-1194,-1238,-1406,650,14819
3914,-1402,-976,-834,-1359,595,14646
3915,-1886,-1356,-1238,-1291,558,14583
3916,-2212,-1552,-1042,-1287,654,14875
3917,-2394,-1126,-950,-1217,693,15543
3918,-2520,-1460,-938,-1350,673,16203
3919,-1502,-640,-292,-1500,203,16154
3920,-790,-1088,-408,-1741,-309,16095
3921,8,-776,-372,-1435,-158,16146
3922,742,-1678,-384,-1234,-67,15916
3923,640,-1044,274,-1074,-118,16038
3924,718,-940,-166,-1126,160,15947
3925,922,-1184,-614,-1145,358,15784
3926,1146,-1148,-222,-1308,401,15398
3927,1396,-1030,-96,-1445,442,15185
3928,684,-1530,-488,-1261,249,15027
3929,-140,-1692,-754,-743,248,15008
3930,-736,-1334,-166,-542,533,15284
3931,-1074,-1310,-166,-615,653,15437
3932,-874,-1322,-38,-679,626,15585
3933,-884,-882,-1306,-861,513,15635
3934,-782,-1090,-1076,-1008,332,15734
3935,-840,64,-858,-887,135,15901
3936,-410,-430,-926,-793,510,16092
3937,-600,-952,-1710,-591,716,16340
3938,-420,-1090,-996,-625,537,16316
3939,256,-742,-304,-714,488,16306
3940,366,-258,-822,-721,496,16214
3941,210,-478,-938,-984,514,16393
3942,470,712,-1480,-321,-167,16653
3943,876,-640,-268,-600,-114,16769
3944,1880,204,-614,-493,82,16770
3945,2116,-408,-442,-437,287,16496
3946,2442,64,-764,-581,619,16302
3947,1902,574,-512,-735,595,15705
3948,874,-882,-1042,-485,600,15634
3949,188,-490,-534,-433,661,15754
3950,-228,-328,-258,-329,690,16052
3951,-442,-836,-592,-371,682,16136
3952,-906,-4,-464,-570,766,16121
3953,-894,-408,-442,-801,517,15974
3954,-1098,-1080,124,-783,318,15811
3955,-1266,-710,-580,-491,386,15976
3956,-996,-560,-742,-576,486,16623
3957,-534,-1056,-592,-760,386,17105
3958,606,-672,-246,-1035,322,17172
3959,1698,470,296,-1177,292,16677
3960,2024,-940,88,-1080,397,16186
3961,1856,-98,146,-904,695,15687
3962,1190,-906,88,-804,1149,15472
3963,434,100,-800,-585,1356,15545
3964,290,376,100,-735,1107,15705
3965,492,596,-176,-807,926,15889
3966,704,214,-26,-942,802,15897
3967,458,-62,-834,-939,701,15876
3968,448,18,-500,-914,807,15452
3969,6,-132,-4,-842,1137,15197
3970,-94,-628,-258,-734,1272,15094
3971,-536,-802,-684,-832,1044,15250
3972,-1096,-812,-592,-809,968,15642
3973,-1976,308,342,-993,851,16133
3974,-1404,376,-754,-1039,599,16225
3975,-1130,54,-512,-993,562,16096
3976,-376,726,-800,-906,573,15954
3977,764,192,470,-971,364,15874
3978,674,-374,8,-924,216,15854
3979,436,-270,124,-803,465,15860
3980,200,330,-120,-724,432,15867
3981,120,-536,618,-581,471,15700
3982,322,504,66,-568,800,15520
3983,110,-1160,-26,-743,816,15406
3984,302,-664,-234,-916,553,15466
3985,42,-778,238,-923,511,15571
3986,-4,-628,-176,-686,899,15851
3987,332,-976,134,-689,879,16008
3988,560,-986,54,-678,787,15964
3989,674,-1230,-200,-560,875,16046
3990,1146,-568,226,-712,722,16090
3991,1180,-316,-4,-693,565,15951
3992,1384,264,342,-613,782,15706
3993,1056,30,-4,-504,929,15560
3994,706,-40,284,-380,1015,15406
3995,302,-1100,20,-293,1163,15581
3996,20,-420,238,-531,987,16012
3997,188,42,-16,-652,813,16227
3998,502,-40,-754,-550,872,16245
3999,526,-86,330,-600,1038,16175
4000,854,-202,630,-490,880,15963
4001,898,492,446,-319,860,15745
4002,492,-178,-408,-428,902,15666
4003,414,134,42,-566,1089,15727
4004,-184,-616,388,-519,1193,15742
4005,-612,18,-396,-524,1305,15616
4006,-1120,-362,376,-478,1160,15544
4007,-1084,840,-62,-470,951,15529
4008,-1322,-258,250,-286,1002,15882
4009,-1210,770,-430,-594,1002,16454
4010,-658,158,66,-793,994,16776
4011,-240,838,458,-818,1008,16757
4012,86,562,20,-886,771,16687
4013,686,506,-350,-801,631,16482
4014,1158,390,-268,-541,747,16315
4015,1710,562,458,-516,964,16397
4016,1846,30,-62,-533,903,16237
4017,2082,562,-212,-469,1056,16012
4018,1406,262,516,-571,1121,15631
4019,1076,-154,-16,-608,1210,15319
4020,718,354,30,-533,1309,15217
4021,-252,-386,-292,-627,1510,15416
4022,-364,1406,-650,-742,1525,15656
4023,-906,412,226,-760,1281,15809
4024,-1040,538,-558,-773,1131,15926
4025,-1222,446,-304,-860,1056,15911
4026,-972,388,-718,-853,979,15785
4027,-1040,238,516,-767,945,15766
4028,-474,668,-500,-744,835,15960
4029,-196,470,-650,-783,677,15976
4030,164,666,-280,-855,643,16075
4031,470,76,354,-884,713,16095
4032,470,240,-96,-891,836,15994
4033,324,-606,-316,-877,1153,16011
4034,368,492,-500,-897,1254,15888
4035,166,990,284,-958,1096,15679
4036,254,620,-246,-854,1000,15524
4037,-38,584,-154,-814,958,15485
4038,-254,654,-614,-834,1079,15465
4039,-624,262,-430,-810,1288,15589
4040,-658,376,-730,-877,1292,15707
4041,-1086,-154,-72,-990,1116,15896
4042,-624,368,-38,-1069,1013,16132
4043,-488,42,-258,-1148,884,16266
4044,-500,308,284,-1185,850,16339
4045,-104,182,-500,-1225,822,16193
4046,64,574,-626,-1150,953,16163
4047,234,-132,30,-1150,971,15973
4048,436,376,-200,-1145,808,15820
4049,458,284,-650,-1050,875,15861
4050,448,538,-16,-997,903,15861
4051,76,-490,-130,-902,950,15903
4052,-4,54,-212,-925,1035,15845
4053,-206,724,-154,-1035,920,15837
4054,-14,204,100,-1193,850,15784
4055,-242,-640,-212,-1280,786,15794
4056,-342,-40,-776,-1253,887,15863
4057,-252,-120,20,-1295,987,16005
4058,-352,838,-188,-1264,897,15969
4059,66,390,-38,-1180,886,15805
4060,210,596,-662,-1186,924,15851
4061,582,272,20,-1274,872,15667
4062,164,100,688,-1202,872,15629
4063,186,1140,320,-1230,1024,15575
4064,-206,-190,-268,-1321,995,15624
4065,200,400,76,-1365,1039,15802
4066,176,122,608,-1496,1058,16028
4067,-14,238,216,-1563,948,16137
4068,98,76,-776,-1502,903,16147
4069,-172,-720,-764,-1315,900,15874
4070,-310,-86,-176,-1247,926,15703
4071,-510,-362,42,-1302,916,15504
4072,-456,-698,-246,-1217,974,15724
4073,-646,308,-522,-1349,864,16010
4074,-736,54,54,-1343,769,16196
4075,-376,-870,-638,-1377,678,16139
4076,-398,-698,-200,-1259,640,16109
4077,234,-548,-362,-1262,729,15978
4078,234,-478,666,-1377,816,15835
4079,-14,-674,-362,-1464,939,15870
4080,-364,-534,274,-1414,1003,15889
4081,-296,110,-464,-1260,1046,15817
4082,-782,-154,-718,-1234,886,15867
4083,-840,-224,-672,-1209,714,15957
4084,-668,-744,-754,-1157,668,15884
4085,-952,562,296,-1118,796,15709
4086,-930,-628,-546,-1057,894,15828
4087,-590,214,-742,-1123,759,16000
4088,-848,-270,-166,-1176,625,16107
4089,-512,-154,330,-1198,573,16209
4090,-364,-814,-246,-1404,334,16197
4091,-70,-582,-316,-1471,442,16241
4092,-140,76,-72,-1360,667,16176
4093,-218,250,688,-1278,595,15940
4094,-172,460,180,-1191,478,15683
4095,-82,262,-960,-1234,565,15766
4096,-164,-490,-326,-1216,581,15924
4097,-162,-408,354,-1247,613,16060
4098,-162,30,-166,-1300,535,16239
4099,-734,-788,-418,-1298,478,16167
4100,-162,134,-120,-1306,363,15943
4101,-254,-860,192,-1237,427,16001
4102,42,-258,250,-1291,394,16140
4103,300,42,296,-1358,426,16340
4104,426,-664,20,-1311,529,16299
4105,606,-976,296,-1289,640,16140
4106,786,-86,124,-1252,566,15872
4107,728,-328,76,-1035,497,15524
4108,402,630,-16,-961,586,15524
4109,244,-606,112,-1066,669,15788
4110,772,-582,-258,-1232,826,16024
4111,346,-328,-84,-1289,872,16041
4112,344,54,-846,-1237,735,15940
4113,312,18,-280,-1107,715,15749
4114,22,-106,-904,-1032,683,15676
4115,-28,226,-212,-1038,685,15871
4116,178,-98,-408,-1153,704,16060
4117,-26,-200,-408,-1219,731,16112
4118,62,204,-408,-1193,814,15968
4119,288,-512,538,-1181,863,15856
4120,20,-176,-418,-1100,862,15896
4121,28,446,-120,-1108,892,16074
4122,278,-224,-558,-1207,915,16237
4123,368,-548,76,-1233,937,16113
4124,966,816,-316,-598,807,15503
4125,2376,-328,-50,339,1158,14380
4126,5384,630,-904,715,3855,12507
4127,5668,-2062,-304,-644,6667,9845
4128,4064,-3980,-512,-581,2175,3642
4129,4506,-3460,-1180,-154,-802,-101
4130,6198,-2952,-1538,-140,-589,119
4131,7470,-2696,-1088,-229,-617,-82
4132,9050,-2224,-764,-232,-355,-352
4133,10334,-1784,-1792,-206,-168,-234
4134,11144,-2026,-1756,-250,-131,29
4135,11810,-1402,-1122,-246,-76,80
4136,11686,-1760,-1156,-249,17,-101
4137,12316,-1864,-1698,-221,81,14
4138,12126,-1184,-2402,-268,128,132
4139,12250,-1518,-2402,-262,86,289
4140,12350,-1114,-1514,-268,177,247
4141,12104,-664,-2598,-304,188,346
4142,12184,-248,-2978,-275,155,340
4143,12026,-906,-2632,-284,217,328
4144,11676,-976,-2852,-292,198,426
4145,11428,-1148,-3106,-264,216,485
4146,11236,-212,-3464,-290,231,640
4147,10662,284,-3820,-325,242,734
4148,10412,-374,-2864,-310,252,704
4149,10224,-360,-3614,-336,221,707
4150,9444,-928,-3716,-328,240,809
4151,9376,-456,-4006,-324,252,855
4152,9002,-594,-3128,-338,245,908
4153,8362,-190,-3924,-296,173,1101
4154,7662,-802,-4190,-433,221,1113
4155,7460,-768,-4132,-205,190,1053
4156,6466,-1240,-3082,-373,135,1434
4157,6140,-1136,-3544,-357,191,1603
4158,5046,-1656,-3544,-338,202,1562
4159,4616,-1402,-3694,-610,565,1495
4160,4102,-1066,-3118,-622,525,1946
4161,3502,-2038,-3268,-718,564,2115
4162,2050,-2406,-3936,6118,13607,4614
4163,-11006,-536,-3406,-3413,10169,1756
4164,-32768,-5400,-28808,-11758,32767,32767
4165,-32768,13076,-32198,-32768,-32768,32767
4166,32767,11296,30808,-2588,-32768,32767
4167,32767,13400,-7822,-3001,-12408,-9667
4168,32767,4294,-3994,2687,-7062,-6006
4169,32767,-8150,-10116,-1305,-2843,-812
4170,32767,-7122,-7338,1106,-4132,-5654
4171,32767,-130,-7788,3195,-1827,-9023
4172,32767,6974,-6554,944,-101,-4735
4173,32767,4652,-5032,-2011,-297,1041
4174,32767,-2940,-2402,-1588,484,229
4175,32767,-8312,-2910,15,2062,-2721
4176,32767,-7376,-2402,1288,2933,-4450
4177,32767,-1412,-1848,978,4677,-3549
4178,23556,896,-580,-372,5842,-735
4179,13894,-1958,-234,-1570,7068,733
4180,6682,-6210,896,-1616,8241,245
4181,-1942,-9330,1184,-3668,14378,-1931
4182,-13790,-8520,3076,-5918,23762,-3802
4183,-28898,-5100,8898,-7447,30463,-1889
4184,-32768,-5620,8884,-5966,26182,2795
4185,-32768,-12402,4862,-1790,19815,1936
4186,-32768,-15350,1450,2981,10754,1170
4187,-32768,-14564,-1792,3711,5800,-891
4188,-32768,-9560,-2772,3553,2414,-2167
4189,-32768,-3794,-3232,2915,470,-1813
4190,-32768,816,-3694,1880,-838,-234
4191,-32768,2964,-3982,789,-1425,888
4192,-32768,3522,-3832,915,-1805,868
4193,-32768,10384,-2852,2388,-15163,31294
4194,-20374,24884,4504,-2999,-32768,32767
4195,32767,13736,-1400,-17186,-12140,32767
4196,8170,-5920,-626,-1582,12596,3768
4197,6220,-7156,-1076,-578,817,-771
4198,6694,-13500,700,717,651,-1777
4199,5284,-4302,-1054,1206,560,-801
4200,2364,-1438,-604,320,2784,4735
4201,-4762,-1842,-1688,2806,6860,6136
4202,-18390,4548,-2344,3151,7816,10221
4203,-28728,11550,-3832,-2652,-1859,27501
4204,-3160,4988,422,-10254,-22852,32767
4205,15544,-2764,908,-3937,1907,22103
4206,6740,-3146,296,3062,9363,8945
4207,-1446,-1818,30,-702,829,4889
4208,-6024,-340,-62,-124,-409,5765
4209,-6588,886,-604,-485,-858,13676
4210,-2394,238,-476,-1137,-3505,23182
4211,2320,434,320,-2390,-2731,24235
4212,2444,-178,170,-720,1255,17354
4213,414,700,66,-1038,506,11925
4214,-1188,-1182,88,-954,-388,11824
4215,-454,250,342,-1165,-1171,15080
4216,-230,-108,342,-996,-584,18431
4217,-162,-316,-176,-1133,-673,18045
4218,324,-108,354,-1141,-565,15396
4219,22,-280,-154,-1002,-387,14240
4220,-94,400,-614,-975,-367,15619
4221,-152,64,-372,-1144,-757,17085
4222,98,110,654,-1150,-733,16596
4223,324,42,-396,-1061,-362,15228
4224,-376,-340,-258,-971,-518,15458
4225,30,158,-614,-1065,-727,16261
4226,302,100,330,-1127,-526,16374
4227,-240,146,158,-1106,-496,15843
4228,98,-1218,-130,-1072,-568,15601
4229,110,-976,-108,-992,-555,15876
4230,-352,-396,-338,-1083,-552,16188
4231,64,492,-4,-1146,-552,16125
4232,-104,-362,-96,-1066,-521,15784
4233,-104,134,124,-1041,-533,15847
4234,-194,-316,-568,-1056,-587,15957
4235,8,-106,-362,-1090,-538,15969
4236,20,458,-84,-1069,-494,15934
4237,-14,-166,66,-1051,-609,15901
4238,-60,366,180,-1030,-550,15935
4239,42,18,-684,-1072,-549,15858
4240,18,272,330,-1085,-561,15971
4241,-216,274,134,-1062,-567,15958
4242,132,-108,-166,-1038,-534,15885
4243,-60,238,-788,-1096,-561,15933
4244,110,44,-222,-1065,-579,15969
4245,-40,-270,-16,-1033,-587,15913
4246,-138,-628,-130,-1093,-560,15938
4247,-48,-698,-280,-1070,-530,15955
4248,42,-190,-464,-1055,-568,15970
4249,346,-258,376,-1060,-567,15904
4250,-26,-154,-418,-1071,-553,16001
4251,64,-582,20,-1058,-571,15945
4252,120,122,-16,-1072,-550,15936
4253,-206,-432,480,-1050,-529,15930
4254,30,-466,-338,-1062,-596,15901
4255,98,-98,-38,-1073,-550,15894
4256,-94,64,-200,-1083,-557,15872
4257,56,-222,112,-1059,-564,15947
4258,-172,146,-142,-1043,-570,15951
4259,-374,-256,124,-1067,-536,15890
4260,-60,584,-604,-1081,-536,15968
4261,-150,-98,-430,-1072,-575,15975
4262,178,250,204,-1075,-537,15906
4263,120,-640,-258,-1058,-556,15952
4264,166,354,-38,-1089,-564,15965
4265,96,-202,134,-1048,-555,15968
4266,-114,-176,-442,-1071,-563,15923
4267,-218,-398,-176,-1095,-562,15966
4268,-94,784,-72,-1126,-559,15895
4269,-48,-28,688,-1085,-559,15945
4270,132,-98,376,-1054,-557,15888
4271,-4,-202,-338,-1088,-561,15916
4272,-194,54,-154,-1044,-576,15873
4273,-252,-558,712,-1106,-559,15968
4274,-206,6,180,-1075,-582,15979
4275,-104,-154,-880,-1078,-587,15890
4276,-94,-316,388,-1060,-562,15944
4277,-70,-74,446,-1071,-565,15921
4278,120,-98,180,-1057,-579,15882
4279,-264,42,-846,-1065,-553,15897
4280,86,-408,66,-1070,-528,15930
4281,20,-108,238,-1084,-579,15891
4282,30,-420,308,-1065,-532,15871
4283,-172,-154,-1030,-1056,-536,15949
4284,-172,-570,-316,-1091,-594,15868
4285,-38,-50,526,-1051,-572,15956
4286,64,-396,-108,-1096,-557,15889
4287,-238,-834,-846,-1065,-590,15929
4288,-162,-362,-96,-1085,-542,15934
4289,54,90,480,-1095,-545,15878
4290,-196,100,216,-1076,-568,15945
4291,-218,-420,-362,-1063,-548,15913
4292,-82,-664,-130,-1059,-557,15890
4293,-70,-40,572,-1079,-562,15960
4294,76,366,284,-1084,-574,15953
4295,-60,110,-776,-1049,-556,15903
4296,-60,-144,-212,-1090,-558,15907
4297,-48,-74,-38,-1100,-550,15948
4298,-4,122,354,-1074,-552,15921
4299,-206,-882,-396,-1084,-548,15938
4300,302,64,-4,-1109,-559,15925
4301,178,148,-38,-1071,-608,15993
4302,-150,-4,158,-1060,-543,15919
4303,20,-374,-800,-1076,-546,15931
4304,268,-62,-200,-1075,-590,15971
4305,144,-16,722,-1066,-576,15887
4306,210,-98,42,-1042,-580,15934
4307,-14,192,-822,-1107,-590,15982
4308,402,298,-568,-1117,-564,15966
4309,-136,-280,216,-1089,-533,15912
4310,-150,-16,-84,-1059,-560,15893
4311,-286,204,-1064,-1090,-556,15900
4312,54,30,-754,-1071,-560,15929
4313,118,-940,480,-1073,-575,15956
4314,-104,-74,238,-1058,-583,15953
4315,44,-280,-384,-1070,-550,15976
4316,256,272,-604,-1093,-595,15868
4317,-94,-202,400,-1075,-564,15942
4318,-26,-144,-62,-1097,-576,15970
4319,-40,-340,-580,-1064,-537,15899
4320,-252,-768,-188,-1092,-539,15946
4321,76,-536,308,-1094,-598,15963
4322,56,344,-304,-1065,-558,15902
4323,-342,-374,30,-1047,-562,15975
4324,54,18,-154,-1070,-565,15934
4325,244,-108,-84,-1080,-570,15897
4326,144,-488,-614,-1033,-545,15903
4327,-60,-62,66,-1088,-577,15962
4328,8,6,-430,-1057,-568,15978
4329,8,-490,54,-1073,-609,15882
4330,76,318,-246,-1071,-572,15937
4331,-162,42,-176,-1082,-578,15923
4332,30,-190,562,-1111,-603,15949
4333,-162,308,-176,-1065,-553,15946
4334,-48,-86,-268,-1068,-570,15888
4335,64,-212,-166,-1040,-575,15865
4336,234,124,676,-1101,-583,15920
4337,-308,-1160,192,-1051,-571,15938
4338,30,-328,-522,-1095,-561,15941
4339,112,112,-212,-1097,-549,15938
4340,-262,422,666,-1108,-547,15891
4341,-26,-294,-166,-1060,-592,15929
4342,-252,-456,-396,-1115,-577,15963
4343,-14,-340,8,-1082,-544,15933
4344,-26,-606,66,-1110,-579,15936
4345,234,562,296,-1049,-582,15916
4346,-4,226,42,-1071,-544,15879
4347,76,574,-108,-1083,-552,15907
4348,20,110,526,-1087,-573,15926
4349,76,-142,-62,-1080,-567,15912
4350,-218,-744,30,-1060,-553,15929
4351,278,204,146,-1111,-596,15944
4352,234,-74,76,-1085,-541,15878
4353,178,284,-662,-1082,-552,15968
4354,-116,-872,320,-1097,-591,15971
4355,188,148,-84,-1093,-524,15935
4356,-26,-606,158,-1082,-552,15977
4357,-116,-190,-950,-1055,-572,15981
4358,168,368,722,-1044,-599,15898
4359,42,342,250,-1055,-526,15931
4360,276,-686,-200,-1088,-531,15967
4361,-174,596,-892,-1095,-550,15882
4362,-192,-188,480,-1086,-555,15885
4363,8,-386,-176,-1068,-545,15957
